gpu_index,batch_size,seq_length,power_limit,mem_clock,graphics_clock,precision,throughput_tokens_per_sec,latency_ms,memory_gb,power_w,status
0,16,1024,300,1593,1980,fp16,214484.27994138454,76.38788262001071,2.6627378463745117,286.34533000000005,success
0,1,1024,400,2619,1980,fp16,162573.16538666608,6.298702479984968,0.4337434768676758,126.10463,success
0,1,128,400,2619,1620,fp32,23826.86343712538,5.372087699993244,0.5539641380310059,89.74013000000001,success
0,64,512,300,1593,1620,fp32,93284.9399055119,351.26784702000805,10.017425537109375,299.51606999999996,success
0,1,512,500,1593,1410,fp32,63864.64925382819,8.016954700010501,0.6558895111083984,110.09518,success
0,1,128,300,2619,1800,fp16,25391.536098003664,5.04104988000563,0.30371904373168945,88.11183000000001,success
0,8,1024,500,2619,1620,fp32,97804.12705014419,83.75924663997012,2.88482666015625,406.86108,success
0,64,1024,500,1593,1800,fp16,283152.4750042233,231.45127019999563,9.795519828796387,482.74375999999995,success
0,4,128,300,2619,1980,fp32,74076.02692904409,6.911817780001002,0.6558895111083984,129.47674,success
0,16,256,300,1593,1620,fp32,96026.40612137182,42.6549338399991,1.69677734375,267.0232,success
0,32,256,300,1593,1980,fp16,300339.7227956206,27.275779319988942,1.4746580123901367,245.78887999999995,success
0,8,128,500,2619,1200,fp32,72056.2922106622,14.211111459999302,0.8044853210449219,130.17538000000002,success
0,16,128,300,1593,1980,fp16,265046.27794637677,7.726952500024709,0.5823431015014648,139.21987000000001,success
0,fp32,300,1593,256,1620,16,1.0,9999.0,0.0,1593.0,benchmark_fail
0,1,256,300,2619,1800,fp16,48199.32317995339,5.311277899986635,0.324002742767334,99.11437,success
0,64,128,400,2619,1620,fp16,368286.3578496923,22.24356081998394,1.4746580123901367,264.87197,success
0,1,1024,400,2619,fp16,1980,1.0,9999.0,0.0,400.0,benchmark_fail
0,4,1980,2619,300,128,fp32,1.0,9999.0,0.0,2619.0,benchmark_fail
0,500,fp16,1024,64,1593,1800,1.0,9999.0,0.0,1024.0,benchmark_fail
0,2619,400,1024,fp16,1980,1,1.0,9999.0,0.0,1024.0,benchmark_fail
0,300,128,4,2619,1980,fp32,123873.74857972514,309.9930408199907,11.652599334716797,400.00035,power_fail
0,32,256,300,2619,1800,fp16,300765.3517750517,27.237179920002745,1.4746580123901367,241.12426,success
0,fp16,2619,400,1024,1980,1,1.0,9999.0,0.0,400.0,benchmark_fail
0,fp16,16,300,1024,1980,1593,1.0,9999.0,0.0,300.0,benchmark_fail
0,128,300,2619,fp32,1980,4,1.0,9999.0,0.0,2619.0,benchmark_fail
0,fp16,300,256,1593,1980,32,1.0,9999.0,0.0,256.0,benchmark_fail
0,1,128,2619,400,1620,fp32,24294.998158287002,5.26857418000418,0.5539641380310059,101.71983000000002,power_fail
0,1,128,500,1593,1410,fp32,23870.621500034176,5.362239939995561,0.5539641380310059,86.20839,success
0,32,256,1800,300,2619,fp16,316899.4670033977,25.850469480001266,1.4746580123901367,244.58232,power_fail
0,1,1024,400,2619,1980,fp16,161757.4359040115,6.330466320000596,0.4337434768676758,122.11357,success
0,64,512,500,1593,1800,fp16,344825.98376933835,95.0276415999997,5.041247367858887,450.12353,success
0,4,128,300,2619,1620,fp32,70825.1177120359,7.229073759986022,0.6558895111083984,112.19207000000002,success
0,400,2619,128,1,1620,fp32,1.0,9999.0,0.0,128.0,benchmark_fail
0,1,256,300,2619,1410,fp16,46204.221250065835,5.540619300008984,0.324002742767334,88.05557999999999,success
0,1,300,1800,2619,fp16,128,1.0,9999.0,0.0,1800.0,benchmark_fail
0,512,fp32,500,1593,1410,1,1.0,9999.0,0.0,500.0,benchmark_fail
0,1,128,500,1593,1980,fp16,25546.32492321282,5.010505440009183,0.30371904373168945,92.47611,success
0,1,256,300,2619,1800,fp16,47203.0876187348,5.4233740400150054,0.324002742767334,97.90342000000001,success
0,1,128,500,1593,1410,fp16,25175.35668520003,5.084337099988261,0.30371904373168945,81.43078000000001,success
0,4,128,400,2619,1620,fp32,71078.72764270754,7.203280320009071,0.6558895111083984,113.47894000000001,success
0,1,1024,1800,300,2619,fp16,156409.50256161654,6.546916799998144,0.4337434768676758,110.57382,power_fail
0,1,128,300,2619,1410,fp32,23930.8130580633,5.3487526599883495,0.5539641380310059,85.89622000000003,success
0,1,128,500,fp32,1410,1593,1.0,9999.0,0.0,500.0,benchmark_fail
0,1,256,1800,300,1980,fp16,47357.9173313767,5.4056431200024235,0.324002742767334,85.36729,power_fail
0,32,256,1800,300,2619,fp16,316319.85376436595,25.89783695999813,1.4746580123901367,241.85774999999998,power_fail
0,1,128,2619,300,1800,fp16,24499.8553589393,5.22452064000845,0.30371904373168945,82.19454000000002,power_fail
0,64,128,400,2619,1620,fp16,369942.6395807701,22.143973480006025,1.4746580123901367,264.9195,success
0,fp16,256,300,1800,2619,32,1.0,9999.0,0.0,300.0,benchmark_fail
0,64,128,400,1593,1620,fp16,368977.9470494919,22.20186887998807,1.4746580123901367,263.90382,success
0,64,fp16,400,2619,1620,128,1.0,9999.0,0.0,400.0,benchmark_fail
0,1,1024,1800,300,2619,fp16,155317.5873052938,6.592942999991465,0.4337434768676758,110.8331,power_fail
0,32,256,300,fp16,2619,1800,1.0,9999.0,0.0,300.0,benchmark_fail
0,1,1024,1800,300,2619,fp16,155741.9787715286,6.574977460008995,0.4337434768676758,109.57996000000001,power_fail
0,1,1024,500,1593,1410,fp32,69272.4031315683,14.782221399987066,0.8044853210449219,163.15404999999998,success
0,1,256,300,2619,1800,fp16,47739.45672345209,5.362440579979193,0.324002742767334,98.71214,success
0,300,1024,1,fp16,2619,1800,1.0,9999.0,0.0,1.0,benchmark_fail
0,1,512,500,1593,1410,fp16,88240.1272514673,5.802348840011291,0.36115264892578125,89.85635000000002,success
0,1,256,400,2619,1980,fp16,48461.862509407525,5.282504360006897,0.324002742767334,105.79244,success
0,1024,1800,1,300,2619,fp16,1.0,9999.0,0.0,1.0,benchmark_fail
0,1410,fp16,1,128,1593,500,1.0,9999.0,0.0,1.0,benchmark_fail
0,1,1980,400,fp16,1024,2619,1.0,9999.0,0.0,400.0,benchmark_fail
0,16,128,1800,300,2619,fp16,264997.6150735943,7.728371439989132,0.5823431015014648,136.74224,power_fail
0,500,1,1593,512,1410,fp16,87954.65750221339,5.684747280010924,0.3600296974182129,105.51100000000002,power_fail
0,1,128,500,1593,1410,fp16,24998.014806138537,5.1204065999900195,0.30371904373168945,81.19889,success
0,1593,fp16,1410,128,500,1,1.0,9999.0,0.0,1410.0,benchmark_fail
0,32,1024,1800,300,2619,fp16,242667.46133072115,135.0325248399986,5.041247367858887,351.18221000000005,power_fail
0,1,fp16,1980,1593,128,500,1.0,9999.0,0.0,1980.0,benchmark_fail
0,300,1024,1,2619,1620,fp16,279414.2347372991,1099.4429123799819,44.86632061004639,439.6629200000001,power_fail
0,64,128,400,1593,1620,fp16,367683.79941582965,22.280013459976544,1.4746580123901367,270.70171999999997,success
0,16,128,500,1593,1980,fp16,269278.2710951641,7.605515259997446,0.5823431015014648,140.61285,success
0,1410,fp16,1,1593,1620,fp16,1.0,9999.0,0.0,1.0,benchmark_fail
0,1,256,300,2619,1410,fp16,47002.942905969714,5.446467479964667,0.324002742767334,88.32350999999998,success
0,32,256,500,1593,1410,fp16,317713.82021016366,25.78421044001516,1.4746580123901367,245.29924999999994,success
0,2619,256,1800,32,300,fp16,1.0,9999.0,0.0,1800.0,oom
0,300,256,300,2619,1800,fp16,297072.47111156106,258.5227763199873,11.43073558807373,295.54913,success
0,16,fp16,1980,1593,128,500,1.0,9999.0,0.0,1980.0,benchmark_fail
0,fp16,1024,300,1800,2619,1,1.0,9999.0,0.0,300.0,benchmark_fail
0,300,1024,1,fp16,2619,1800,1.0,9999.0,0.0,1.0,benchmark_fail
0,64,128,400,1593,1620,fp16,368385.0175578352,22.237603620005757,1.4746580123901367,266.74933,success
0,256,32,2619,300,fp16,1800,1.0,9999.0,0.0,2619.0,benchmark_fail
0,fp16,1410,1,fp16,1620,1593,1.0,9999.0,0.0,1.0,benchmark_fail
0,64,128,400,2619,1410,fp32,110741.73183024778,73.97391990001779,2.88482666015625,317.80203,success
0,64,128,300,1593,1410,fp16,325146.15474460874,25.194823559991164,1.4746580123901367,224.51711,success
0,8,1024,600,1593,1980,fp16,282058.33727047296,29.04363714001647,1.4746580123901367,406.79797999999994,success
0,32,512,600,2619,1800,fp32,124530.21902162406,131.56645935999677,5.263275146484375,505.8066100000001,success
0,32,256,400,2619,1200,fp32,93021.11522133039,88.06602651998219,2.88482666015625,263.10017,success
0,32,256,700,1593,1410,fp32,106490.4974123819,76.92705169999044,2.88482666015625,327.58035,success
0,8,1024,300,1593,1410,fp16,212645.15016621927,38.524273859979985,1.4746580123901367,256.57772,success
0,8,512,300,2619,1980,fp32,89432.61160793826,45.79984779999904,1.69677734375,272.92694000000006,success
0,8,512,400,2619,1410,fp16,275513.5817669967,14.866780699994706,0.880274772644043,173.15586000000002,success
0,8,256,700,2619,1980,fp16,270372.8718088463,7.574724439987222,0.5830755233764648,138.08954999999997,success
0,8,256,600,1593,1410,fp32,96094.15302119491,21.312430939979095,1.1016769409179688,215.30358,success
0,16,128,400,1593,1980,fp32,113684.38327806689,18.014787439983593,1.1016769409179688,252.80143,success
0,8,256,700,2619,1980,fp16,268528.37740342837,7.62675446000685,0.5830755233764648,141.26741,success
0,8,512,300,2619,1800,fp16,272479.55968252185,15.032320239993169,0.880274772644043,187.12559999999996,success
0,8,1024,600,1593,1980,fp16,282272.1896020498,29.021633379998093,1.4746580123901367,409.13057000000003,success
0,32,128,400,2619,1200,fp32,91675.1670279419,44.679493179996825,1.69677734375,227.42032,success
0,8,256,700,2619,1980,fp16,271275.02821039694,7.549533820015313,0.5830755233764648,147.04312000000002,success
0,16,128,400,1593,1980,fp32,113457.90552638001,18.050747460024468,1.1016769409179688,254.21078,success
0,8,256,300,1593,1410,fp32,93083.00752823238,22.00186752000718,1.1016769409179688,213.68326000000002,success
0,8,512,400,2619,1410,fp32,94549.55555523072,43.32119781998699,1.69677734375,286.79398999999995,success
0,64,128,400,2619,1410,fp32,110756.29393158134,73.9641938999921,2.88482666015625,317.34838,success
0,8,1024,600,1593,1410,fp16,233663.00397434417,35.05903741997372,1.4746580123901367,283.10025,success
0,32,256,300,1593,1410,fp16,302103.0758109556,27.116572640015875,1.4746580123901367,232.78248999999997,success
0,8,512,700,2619,1980,fp16,337480.6458430602,12.136992300011116,0.880274772644043,219.40828999999997,success
0,8,256,700,2619,1980,fp16,272302.9773563088,7.521034179953858,0.5830755233764648,144.80987000000002,success
0,8,512,700,2619,1980,fp16,335760.0335102708,12.19918868001514,0.880274772644043,226.74607,success
0,8,512,700,2619,1980,fp16,336015.9481556547,12.189897600046606,0.880274772644043,221.62718000000004,success
0,8,512,300,2619,1800,fp16,273108.14159721584,14.997722060006708,0.880274772644043,182.8019,success
0,16,128,400,1593,1980,fp32,113774.0300612985,18.000592919988776,1.1016769409179688,248.78193000000007,success
0,8,1024,600,1593,1410,fp32,87154.82171676555,93.99365220001528,2.88482666015625,336.02081,success
0,16,128,400,1593,1410,fp32,98613.47185835456,20.767953519998628,1.1016769409179688,208.42199,success
0,8,256,300,2619,1410,fp32,92650.57434957389,22.104558059972987,1.1016769409179688,212.71043,success
0,32,256,700,2619,1410,fp16,318100.43739236676,25.752872480006772,1.4746580123901367,240.60626,success
0,8,512,700,2619,1980,fp16,336361.5270720069,12.177373659988007,0.880274772644043,215.35566999999995,success
0,32,256,300,2619,1410,fp16,301889.8683119133,27.135723519995736,1.4746580123901367,231.31118999999998,success
0,8,512,700,2619,1980,fp16,335552.87469384616,12.206720039985157,0.880274772644043,219.20644000000001,success
0,8,512,300,2619,1800,fp16,272051.83497202327,15.05595431995971,0.880274772644043,186.44087,success
0,8,512,700,2619,1980,fp16,337347.5556592337,12.141780579959232,0.880274772644043,224.01751999999996,success
0,16,256,700,2619,1980,fp32,133649.94832064776,30.647224720005397,1.69677734375,455.05617,success
0,8,512,300,2619,1800,fp16,271998.3673289436,15.058913920047416,0.880274772644043,189.95492000000002,success
0,16,256,600,2619,1980,fp32,133767.27341037657,30.620344539984217,1.69677734375,457.9761899999999,success
0,32,256,600,2619,1410,fp16,329457.3504521706,24.865130460002547,1.4746580123901367,248.79734000000005,success
0,8,256,700,2619,1980,fp16,271773.14318650553,7.535696779996215,0.5830755233764648,138.96304,success
0,8,512,300,2619,1800,fp16,270814.48386893905,15.124744960030512,0.880274772644043,185.85694,success
0,8,512,400,2619,1410,fp16,276180.8897441333,14.830859600006079,0.880274772644043,173.71655,success
0,8,512,700,2619,1410,fp16,275434.0031949632,14.871076019981047,0.880274772644043,170.39913,success
0,8,512,700,2619,1980,fp16,335603.941438497,12.204862620037602,0.880274772644043,223.34297000000004,success
0,8,256,700,2619,1980,fp16,270111.26479086344,7.582060680015275,0.5830755233764648,147.36892999999998,success
0,8,256,700,2619,1980,fp16,272044.0183798513,7.528193460002512,0.5830755233764648,141.40064,success
0,8,512,700,2619,1410,fp16,275142.1098252194,14.886852479985464,0.880274772644043,174.68586,success
0,8,1024,400,2619,1200,fp16,207495.209326594,39.480429579971315,1.4746580123901367,239.70014000000003,success
0,8,512,300,2619,1800,fp16,270120.3152817784,15.16361327998311,0.880274772644043,183.81797000000003,success
0,8,512,700,2619,1980,fp16,335782.79008718167,12.19836192002731,0.880274772644043,221.20866,success
0,8,256,700,2619,1980,fp16,268679.28864309995,7.622470679980324,0.5830755233764648,142.20796,success
0,8,512,700,2619,1980,fp16,335570.3152935017,12.206085619991427,0.880274772644043,216.48909,success
0,8,256,700,2619,1980,fp16,270363.84650253097,7.5749773000097775,0.5830755233764648,144.60034,success
0,8,512,700,2619,1980,fp16,337228.1227524127,12.146080719985548,0.880274772644043,224.59454000000005,success
0,16,512,700,2619,1980,fp16,347488.8937785145,23.574854180005786,1.4746580123901367,366.90742,success
0,8,256,400,2619,1620,fp16,255176.03466986545,8.025832060011453,0.5830755233764648,123.58850000000001,success
0,8,512,300,2619,1800,fp16,275486.2658465438,14.868254819939466,0.880274772644043,188.1753,success
0,8,512,700,2619,1980,fp16,333342.71782034996,12.287654060010027,0.880274772644043,217.36055999999996,success
0,8,512,400,2619,1410,fp16,275663.18414248014,14.858712499972171,0.880274772644043,174.98987,success
0,64,1024,600,2619,1980,fp32,115496.43435572069,567.4287727199771,19.527557373046875,600.32078,success
0,8,512,700,2619,1980,fp16,337254.5137281446,12.145130259996222,0.880274772644043,229.80345999999997,success
0,8,256,700,2619,1980,fp16,270522.35271980695,7.570538920017498,0.5830755233764648,152.67034000000004,success
0,8,256,400,2619,1620,fp16,255439.68092640527,8.017548380003063,0.5830755233764648,128.17949999999996,success
0,8,256,700,2619,1200,fp32,82814.09535778222,24.73008962003405,1.1016769409179688,188.48712,success
0,8,256,400,2619,1980,fp16,268968.5520695213,7.6142730599622155,0.5830755233764648,140.03866,success
0,8,256,700,2619,1980,fp16,270961.4981434694,7.558269400014979,0.5830755233764648,142.06682,success
0,8,256,700,2619,1980,fp16,268378.1335950698,7.631024079964845,0.5830755233764648,149.71314,success
0,8,512,700,2619,1980,fp16,336458.4402648726,12.17386610000176,0.880274772644043,223.22312,success
0,8,256,400,2619,1410,fp32,95751.39466961016,21.388722399988183,1.1016769409179688,216.57935,success
0,32,512,700,2619,1980,fp16,364687.66924920445,44.92611453995778,2.6627378463745117,482.13415000000003,success
0,8,512,400,2619,1620,fp16,296938.62540699396,13.794096320025346,0.880274772644043,188.82431999999997,success
0,64,256,700,2619,1980,fp16,416109.5074903757,39.374250539995046,2.6627378463745117,472.66596999999996,success
0,8,512,400,2619,1620,fp16,296756.31065384345,13.802570839943655,0.880274772644043,189.81297999999998,success
0,16,256,700,1593,1980,fp32,133424.4494631076,30.699021180016643,1.69677734375,460.29181000000005,success
0,8,512,400,2619,1980,fp16,318920.92159342143,12.84330918001615,0.880274772644043,209.85411999999997,success
0,8,256,400,2619,1980,fp16,271141.8789121627,7.553241160003381,0.5830755233764648,138.68941999999998,success
0,8,512,700,2619,1410,fp16,274685.32907812926,14.911608179972973,0.880274772644043,173.00733000000002,success
0,8,512,400,2619,1410,fp16,274711.03969987796,14.910212580007283,0.880274772644043,171.12011,success
0,8,256,700,2619,1980,fp16,268468.02207421436,7.628469060027783,0.5830755233764648,145.20823000000001,success
0,8,256,700,2619,1980,fp16,270582.2833227015,7.568862140014971,0.5830755233764648,143.07605,success
0,8,512,400,2619,1410,fp16,276436.8957343894,14.817124859973774,0.880274772644043,174.41310000000001,success
0,8,512,400,2619,1620,fp16,297502.2007199274,13.767965380047826,0.880274772644043,189.07572,success
0,8,256,700,2619,1980,fp32,125599.31078790652,16.305821959949753,1.1016769409179688,286.7528,success
0,16,1024,700,2619,1980,fp16,293874.5529330001,55.7516798800043,2.6627378463745117,506.92293000000006,success
0,8,256,400,2619,1620,fp16,254753.79031306232,8.039134560012826,0.5830755233764648,122.12237,success
0,8,256,300,2619,1200,fp16,227124.41083858596,9.017084479992263,0.5830755233764648,104.53075999999997,success
0,8,512,700,2619,1980,fp16,336811.87695106806,12.161091340003622,0.880274772644043,226.46558999999996,success
0,8,512,700,2619,1980,fp16,336592.32718234067,12.169023680035025,0.880274772644043,220.71587000000002,success
0,8,256,700,2619,1980,fp16,269046.6462918287,7.612062920043172,0.5830755233764648,143.19943,success
0,8,512,400,2619,1980,fp16,318897.5730826528,12.844249520012454,0.880274772644043,210.12526000000005,success
0,8,512,700,2619,1410,fp16,274349.8315559324,14.929843320005602,0.880274772644043,172.14852,success
0,8,256,700,2619,1980,fp16,270849.74847312475,7.561387860041577,0.5830755233764648,139.35092,success
0,8,256,400,2619,1620,fp16,252493.2493995922,8.111107939994326,0.5830755233764648,122.59219999999999,success
0,64,1024,400,2619,1620,fp16,253967.834330053,258.04842637997353,9.795519828796387,391.29319,success
0,8,512,300,2619,1980,fp16,269859.0777714369,15.178292439986762,0.880274772644043,194.68357,success
0,8,256,300,2619,1200,fp16,225553.554734292,9.079883500007782,0.5830755233764648,104.23799000000001,success
0,16,512,700,2619,1980,fp16,347033.90926922316,23.60576237996611,1.4746580123901367,368.05480000000006,success
0,8,512,300,2619,1410,fp16,266961.3816040793,15.343043159982699,0.880274772644043,170.9278,success
0,32,128,700,2619,1980,fp16,397070.666222724,10.315544179993594,0.880274772644043,194.87281000000002,success
0,64,256,700,2619,1620,fp16,366779.5990244476,44.66987816001165,2.6627378463745117,362.38309999999996,success
0,8,512,700,2619,1980,fp16,335349.6158026292,12.214118660003805,0.880274772644043,218.03712999999996,success
0,16,512,700,2619,1980,fp16,347057.38990874926,23.604165300021123,1.4746580123901367,371.26269,success
0,32,512,700,2619,1410,fp16,291941.0562012212,56.120917740008736,2.6627378463745117,317.68899999999996,success
0,16,512,500,2619,1620,fp16,305330.5470111233,26.82993916000669,1.4746580123901367,298.00203,success
0,64,256,300,2619,1980,fp16,302328.02391521214,54.192792940011714,2.6627378463745117,275.49803999999995,success
0,8,256,400,2619,1620,fp16,256228.8828560203,7.992853799978548,0.5830755233764648,126.61525000000002,success
0,32,256,700,2619,1980,fp16,393622.4619868059,20.81182043994886,1.4746580123901367,340.35217000000006,success
0,16,512,700,2619,1980,fp16,346789.62036240887,23.62239097998099,1.4746580123901367,371.24533,success
0,16,512,700,2619,1410,fp16,279975.7912811018,29.259672639964265,1.4746580123901367,258.42218,success
0,8,512,700,2619,1980,fp16,335709.81128397264,12.201013680041797,0.880274772644043,217.07287000000005,success
0,8,512,400,2619,1200,fp16,239877.73722214944,17.075365339997006,0.880274772644043,156.20104000000003,success
0,8,512,400,2619,1980,fp16,319677.96690522844,12.812894300013795,0.880274772644043,213.55277,success
0,8,512,300,2619,1410,fp16,267855.29511611274,15.29183882000325,0.880274772644043,172.73888,success
0,8,256,300,2619,1200,fp16,227455.65602136138,9.003952839966587,0.5830755233764648,105.67541000000001,success
0,8,512,400,2619,1620,fp16,297189.22350398183,13.7824647600155,0.880274772644043,192.82674000000003,success
0,8,512,400,2619,1980,fp16,319182.4669754468,12.832785079999667,0.880274772644043,211.84766999999997,success
0,32,512,700,2619,1410,fp16,291964.6090152709,56.116390459992544,2.6627378463745117,317.91147,success
0,8,256,700,2619,1980,fp16,270007.9646022085,7.584961439997642,0.5830755233764648,145.78706000000003,success
0,8,512,400,2619,1410,fp16,276461.46565125545,14.81580801993914,0.880274772644043,174.70412999999996,success
0,8,1024,400,2619,1620,fp16,247088.59940169688,33.15409946001637,1.4746580123901367,316.88752,success
0,64,256,300,2619,1200,fp16,288028.63426520803,56.883233300040956,2.6627378463745117,249.69702999999998,success
0,8,512,400,2619,1800,fp16,315448.6477638844,12.984680799982016,0.880274772644043,201.25225999999998,success
0,64,512,400,2619,1410,fp16,293481.3578786195,111.65274767998199,5.041247367858887,339.11353,success
0,8,256,400,2619,1620,fp16,254133.32023945605,8.058762220043718,0.5830755233764648,127.04841,success
0,8,256,400,2619,1620,fp16,254256.8701993039,8.054846259983606,0.5830755233764648,122.66717999999997,success
0,8,256,700,2619,1980,fp16,266105.69368903135,7.696190079996086,0.5830755233764648,142.15225,success
0,8,256,500,2619,1410,fp16,247479.36347121623,8.27543748001517,0.5830755233764648,114.27285000000002,success
0,8,256,300,2619,1200,fp16,226366.1653466865,9.047288479987401,0.5830755233764648,104.01230000000004,success
0,8,256,300,2619,1200,fp16,224648.65882180992,9.116457719983373,0.5830755233764648,106.03920999999998,success
0,8,512,400,2619,1620,fp16,296224.80291991716,13.82733640000879,0.880274772644043,189.55603000000002,success
0,16,256,700,2619,1980,fp16,383527.3461708718,10.679812120033603,0.880274772644043,192.81242000000003,success
0,8,512,400,2619,1620,fp16,296852.06503467227,13.798118599988811,0.880274772644043,187.14163000000005,success
0,8,256,300,2619,1200,fp16,226884.29165637965,9.026627560015186,0.5830755233764648,103.98756000000002,success
0,8,256,700,2619,1980,fp16,268464.8639020102,7.628558799960956,0.5830755233764648,146.28219,success
0,8,512,400,2619,1410,fp16,275509.360205934,14.867008499959411,0.880274772644043,173.81742000000003,success
0,8,256,700,2619,1980,fp16,271826.6630173446,7.534213080007248,0.5830755233764648,140.68382,success
0,8,256,700,2619,1980,fp16,267361.5232517853,7.660040139999182,0.5830755233764648,145.57422,success
0,8,512,700,2619,1410,fp16,275027.7276767173,14.893043819984086,0.880274772644043,177.23241,success
0,8,512,700,2619,1410,fp16,274913.8044553257,14.899215439963882,0.880274772644043,172.84265,success
0,8,256,700,2619,1980,fp16,270372.74330911896,7.574728040017362,0.5830755233764648,136.59306999999998,success
0,8,256,600,2619,1410,fp16,248003.37664284595,8.257952080020914,0.5830755233764648,112.36527999999998,success
0,8,256,700,2619,1980,fp16,268335.80481776496,7.632227840003907,0.5830755233764648,147.90966,success
0,8,512,700,2619,1410,fp16,276323.43530756014,14.82320887998867,0.880274772644043,174.70154,success
0,8,256,700,2619,1980,fp16,267599.6836264234,7.6532227999905444,0.5830755233764648,146.84065,success
0,8,512,400,2619,1410,fp16,274762.4075592593,14.907425060018795,0.880274772644043,173.48362,success
0,8,256,300,2619,1200,fp16,225728.27812102644,9.072855280019212,0.5830755233764648,104.52469,success
0,8,256,300,2619,1200,fp32,82730.0902641056,24.75520084000891,1.1016769409179688,185.54940000000002,success
0,32,256,300,2619,1980,fp16,300088.73102177086,27.298592559964163,1.4746580123901367,243.54855000000003,success
0,64,256,600,2619,1980,fp16,414662.5762071418,39.51164378001522,2.6627378463745117,455.66499000000005,success
0,8,512,400,2619,1620,fp16,295362.05185331305,13.86772598002608,0.880274772644043,192.50849000000002,success
0,8,512,400,2619,1410,fp32,94616.25454465875,43.29065888004152,1.69677734375,288.25680000000006,success
0,16,128,700,2619,1980,fp16,270072.61429851403,7.583145759963372,0.5823431015014648,143.50423999999998,success
0,8,512,400,2619,1620,fp16,295426.08482725517,13.8647201799904,0.880274772644043,190.77188,success
0,8,256,700,2619,1980,fp16,269601.57894289517,7.5963946799947735,0.5830755233764648,140.99713000000003,success
0,8,512,600,1593,1410,fp16,275822.6330908457,14.850122899997587,0.880274772644043,171.2045,success
0,32,128,700,1593,1980,fp16,398468.4514852945,10.27935833999436,0.880274772644043,192.82891,success
0,32,128,700,2619,1980,fp16,398359.55457621807,10.282168339999771,0.880274772644043,195.10873000000004,success
0,32,256,700,2619,1980,fp16,395466.5392040974,20.714774040015982,1.4746580123901367,335.65359000000007,success
0,8,256,300,2619,1200,fp16,226816.12139129333,9.029340539982513,0.5830755233764648,104.33012000000001,success
0,16,1024,700,2619,1410,fp16,242010.5943098204,67.69951557998866,2.6627378463745117,338.2439,success
0,32,128,700,2619,1200,fp16,296345.2537155359,13.821716219999871,0.880274772644043,134.08144000000001,success
0,8,256,600,2619,1410,fp16,246200.79830338532,8.318413319993851,0.5830755233764648,112.63065999999999,success
0,8,256,600,2619,1980,fp16,270324.6848125769,7.5760746800460765,0.5830755233764648,149.65436000000003,success
0,8,512,400,2619,1620,fp16,297169.6176980155,13.783374060003553,0.880274772644043,190.3567,success
0,8,256,300,2619,1980,fp16,261883.91148200788,7.820258939964333,0.5830755233764648,144.67976000000002,success
0,8,128,400,2619,1620,fp16,155739.9819751666,6.575061760077006,0.4337434768676758,102.3498,success
0,32,128,700,2619,1200,fp16,296542.4230744855,13.812526240035368,0.880274772644043,136.59881000000001,success
0,8,256,300,2619,1200,fp16,227279.87567114248,9.010916580064077,0.5830755233764648,104.57584000000003,success
0,32,128,700,2619,1980,fp16,398865.0482021352,10.269137440000122,0.880274772644043,190.9591,success
0,8,256,700,2619,1980,fp16,268835.3396485402,7.618046060006236,0.5830755233764648,145.09198,success
0,8,128,300,2619,1200,fp16,147421.5403920187,6.946067699991545,0.4337434768676758,85.89318000000002,success
0,32,128,400,2619,1200,fp16,295196.7082050136,13.875493479945362,0.880274772644043,133.96799,success
0,16,256,700,2619,1980,fp16,385295.3547968036,10.63080555995839,0.880274772644043,195.31861000000004,success
0,8,256,700,2619,1980,fp16,268618.5230044559,7.624195000007603,0.5830755233764648,139.82405000000003,success
0,8,512,400,2619,1620,fp32,105461.37367403798,38.8388644799943,1.69677734375,338.33794,success
0,8,256,400,2619,1200,fp32,82513.64840402338,24.82013630002257,1.1016769409179688,186.56949,success
0,8,256,500,2619,1980,fp16,268754.7504014541,7.620330419986203,0.5830755233764648,141.6511,success
0,32,128,600,2619,1980,fp16,396910.63598587934,10.319703300028777,0.880274772644043,190.96837999999997,success
0,8,128,600,2619,1410,fp16,152052.43630440088,6.734518859993841,0.4337434768676758,96.72858000000001,success
0,32,256,700,2619,1980,fp16,394865.6369318695,20.74629755998103,1.4746580123901367,334.58816,success
0,8,256,700,2619,1980,fp16,272041.8501951268,7.52825346001373,0.5830755233764648,142.17534000000003,success
0,8,128,700,1593,1200,fp16,148284.646395799,6.905637400022897,0.4337434768676758,87.1092,success
0,8,256,300,2619,1200,fp16,226306.71363973847,9.04966523998155,0.5830755233764648,102.47423,success
0,8,512,400,2619,1620,fp16,297381.1243101338,13.773570899975311,0.880274772644043,193.17954000000006,success
0,8,256,600,2619,1410,fp16,243324.0592894788,8.416759139972783,0.5830755233764648,113.28196,success
0,64,256,500,1593,1980,fp32,132619.09382011992,123.54178819999106,5.263275146484375,493.33257,success
0,64,256,600,2619,1980,fp16,414668.8498198937,39.511045999997805,2.6627378463745117,457.07800999999995,success
0,8,256,400,2619,1200,fp16,227170.71775896757,9.015246419976393,0.5830755233764648,104.85537000000001,success
0,8,256,400,2619,1620,fp16,256796.76524943626,7.975178340002458,0.5830755233764648,123.40988000000002,success
0,8,256,700,2619,1980,fp16,268328.81835114246,7.632426560012391,0.5830755233764648,141.22905,success
0,8,256,300,2619,1200,fp16,227865.04084103575,8.987776240010135,0.5830755233764648,104.21663000000001,success
0,8,256,700,2619,1980,fp16,270736.59633677365,7.56454807998125,0.5830755233764648,145.38614000000004,success
0,32,128,400,2619,1200,fp16,295789.14116470586,13.847702399998525,0.880274772644043,135.77739000000003,success
0,32,128,400,2619,1980,fp16,387381.72063841345,10.573550019989852,0.880274772644043,184.60982999999996,success
0,64,256,600,2619,1620,fp16,365236.988311406,44.85854533996644,2.6627378463745117,358.2265300000001,success
0,8,256,600,2619,1980,fp16,269895.23713264463,7.588129460000346,0.5830755233764648,139.76905000000002,success
0,8,128,300,2619,1620,fp16,153805.97665599082,6.657738680014518,0.4337434768676758,101.17971000000001,success
0,8,256,300,2619,1620,fp16,254507.15076718174,8.046925180005928,0.5830755233764648,121.90955000000002,success
0,8,512,400,2619,1620,fp16,296855.8635860462,13.797942040018825,0.880274772644043,193.58956999999995,success
0,8,256,600,2619,1410,fp16,245609.20184539707,8.338449799975933,0.5830755233764648,113.09858999999999,success
0,8,128,300,2619,1200,fp16,145876.53477302834,7.019634800026324,0.4337434768676758,86.13982000000001,success
0,8,256,300,2619,1200,fp16,227316.96013691954,9.009446540048884,0.5830755233764648,100.07561999999999,success
0,64,256,600,2619,1980,fp16,414506.6505590775,39.52650694000113,2.6627378463745117,453.23356000000007,success
0,8,128,300,2619,1200,fp32,72295.5073211081,14.164089000050808,0.8044853210449219,128.77073000000001,success
0,32,256,300,2619,1200,fp16,275338.1824418527,29.752502640021703,1.4746580123901367,206.08098,success
0,32,128,700,2619,1980,fp16,397723.93776478403,10.298600639980577,0.880274772644043,191.18127,success
0,8,256,300,2619,1200,fp16,226537.49404461298,9.04044607996184,0.5830755233764648,101.89465,success
0,8,128,300,2619,1200,fp32,71965.45601903935,14.229048999968654,0.8044853210449219,127.67908,success
0,32,128,400,2619,1200,fp16,298033.5338521033,13.743419899965374,0.880274772644043,135.24786,success
0,16,256,700,2619,1980,fp16,385590.5620339515,10.622666639956151,0.880274772644043,205.77990000000003,success
0,8,256,700,2619,1980,fp16,269033.99204508925,7.612420960012969,0.5830755233764648,142.80245000000002,success
0,8,128,700,2619,1980,fp16,159827.75263222132,6.406897319993732,0.4337434768676758,119.32131999999997,success
0,32,128,400,2619,1200,fp16,297052.0031241156,13.788831440024296,0.880274772644043,132.28419000000002,success
0,8,256,700,2619,1980,fp16,270346.4857467827,7.57546373995865,0.5830755233764648,145.1036,success
0,8,128,300,2619,1200,fp32,72257.10783784256,14.171616200001154,0.8044853210449219,126.66103,success
0,8,256,500,2619,1410,fp16,247684.94697396248,8.26856869995936,0.5830755233764648,111.25589,success
0,8,128,300,2619,1200,fp16,146239.70142571462,7.002202480016422,0.4337434768676758,85.00441,success
0,64,256,700,2619,1980,fp16,415608.96649498533,39.42167113999858,2.6627378463745117,461.74208,success
0,8,256,700,2619,1620,fp16,255993.18034156255,8.000213120003536,0.5830755233764648,125.13060999999999,success
0,8,128,500,2619,1200,fp16,147371.7340692817,6.948415219967501,0.4337434768676758,85.52251999999999,success
0,64,128,400,2619,1200,fp32,96093.83429288192,85.25000652000017,2.88482666015625,254.90850999999995,success
0,8,256,300,2619,1200,fp16,226421.6314964335,9.045072180006173,0.5830755233764648,104.26527,success
0,32,128,400,2619,1980,fp16,387141.7440546953,10.580104219970963,0.880274772644043,183.87873,success
0,8,256,300,2619,1980,fp16,263689.18317104166,7.7667198000744975,0.5830755233764648,145.82114,success
0,64,256,600,2619,1980,fp16,414948.50699762953,39.484417279982154,2.6627378463745117,456.2589299999999,success
0,32,128,400,2619,1980,fp16,389219.196872173,10.523633039983906,0.880274772644043,190.28489,success
0,8,256,300,2619,1200,fp16,226744.93586060673,9.032175259953874,0.5830755233764648,102.86866999999998,success
0,8,256,700,2619,1620,fp16,255561.84177857608,8.013715919978495,0.5830755233764648,121.54161,success
0,8,128,400,2619,1980,fp16,158635.56853420957,6.4550466800210415,0.4337434768676758,116.38085000000001,success
0,32,128,400,2619,1200,fp16,296508.9719888314,13.814084520026881,0.880274772644043,135.21752999999998,success
0,32,128,500,2619,1620,fp16,356114.4933284548,11.501918839967402,0.880274772644043,163.38119999999998,success
0,32,128,400,2619,1200,fp16,297030.2200684077,13.789842659971328,0.880274772644043,136.96132999999998,success
0,8,512,500,1593,1410,fp16,275235.5754799255,14.881797139987611,0.880274772644043,166.61367,success
0,8,256,500,2619,1980,fp16,269163.50797595765,7.608758019987363,0.5830755233764648,143.16770999999997,success
0,8,256,300,2619,1200,fp32,82749.44675863664,24.749410180029372,1.1016769409179688,186.24344000000002,success
0,32,128,400,2619,1980,fp32,119819.02246994394,34.184889140015,1.69677734375,338.56620000000004,success
0,64,256,700,2619,1980,fp16,416020.307023657,39.382692920007685,2.6627378463745117,455.18998999999997,success
0,8,256,300,2619,1200,fp16,225994.43022637494,9.06217023998579,0.5830755233764648,104.97502,success
0,64,512,300,2619,1980,fp16,263936.88682774914,124.15089226003147,5.041247367858887,293.24255999999997,success
0,8,256,700,2619,1200,fp16,228067.89284470567,8.97978218001299,0.5830755233764648,103.40661000000001,success
0,32,128,500,2619,1620,fp16,366898.2171219771,11.163859100024638,0.880274772644043,171.87975999999998,success
0,8,128,700,2619,1980,fp16,160626.31311680944,6.375045159975343,0.4337434768676758,119.27348999999998,success
0,32,128,700,2619,1980,fp16,398636.8721152312,10.275015400020493,0.880274772644043,190.32882,success
0,32,128,400,2619,1980,fp16,388408.94549172785,10.545586160005769,0.880274772644043,191.31434000000002,success
0,32,128,700,2619,1980,fp16,398573.1137028786,10.276659059982194,0.880274772644043,198.09017,success
0,8,256,700,2619,1980,fp16,268849.7709152471,7.617637139983344,0.5830755233764648,143.86533999999997,success
0,8,256,300,2619,1200,fp16,227296.3982635644,9.010261559997161,0.5830755233764648,102.46860999999997,success
0,8,256,300,2619,1200,fp16,227213.3036510835,9.013556720010456,0.5830755233764648,101.02603,success
0,64,256,500,2619,1620,fp16,363256.37824422395,45.10313095998754,2.6627378463745117,360.51585000000006,success
